,nome modelo,cross val score,cross val std
0,random_forest,0.7874074074074074,0.03269937567578117
1,mlp_classifiyer,0.8166329966329966,0.039291991598712085
2,knn_classifiyer,0.8239057239057239,0.0349239573760961
