,nome modelo,cross val score,cross val std
0,random_forest,0.8273684210526315,0.03094092306673486
1,mlp_classifiyer,0.8463157894736841,0.01710323874660204
2,knn_classifiyer,0.8294736842105263,0.01227568819967431
