,rota,importância
0,adc,0.1727886700621959
1,jg,0.11344433437101575
2,mid,0.05183875511797653
3,sup,0.096368508356197
4,top,0.06555973209261486
