,rota,importância
0,adc,0.18104120579365585
1,jg,0.1276260885767021
2,mid,0.06447505221689842
3,sup,0.05108816952994981
4,top,0.07576948388279382
